Name,Age,Gender,Phone
Aarav,27,male,9313839988
Advait,41,male,9366288521
Aryan,34,male,9243095235
Avni,45,female,9677243737
Aisha,26,female,9295892408
Anaya,31,female,9050287982
Arjun,40,male,9647827476
Arnav,50,male,9998544162
Atharva,31,male,9922805522
Aniket,33,male,9520346742
Aaradhya,27,female,9967682924
Aditi,43,female,9351557943
Aditya,46,male,9208963982
Alia,40,female,9689066739
Amrita,50,female,9566866207
Anand,45,male,9281550207
Anika,35,female,9777853700
Anjali,25,female,9790525607
Aryan,45,male,9622462761
Avikar,42,male,9320482338
Anushka,50,female,9321978811
Apoorva,39,female,9435800348
Aruna,43,female,9139045298
Ashwin,30,male,9851579095
Avantika,48,female,9441068854
Bala,44,male,9623701274
Chaitanya,36,male,9173029945
Devanshi,30,female,9878266846
Dhruv,34,male,9992032681
Diya,43,female,9019953840
Disha,20,female,9553726229
Divya,44,female,9189255860
Esha,23,female,9802291035
Gaurav,34,male,9966819051
Hrithik,32,male,9433166590
Ishaan,36,male,9179669447
Isha,34,female,9308138926
Jhanvi,26,female,9353973987
Jai,48,male,9400476160
Jaya,40,female,9840407071
Kavya,38,female,9439561382
Kritika,28,female,9317625838
Karthik,49,male,9885116133
Kavyanjali,50,female,9329522471
Keerthi,27,female,9237983693
Lakshmi,46,female,9543607283
Maitreyi,42,male,9050807094
Meera,34,female,9750417316
Mukesh,50,male,9159540504
Naina,29,female,9653556550
Nandini,50,female,9597307476
Neha,30,female,9481783541
Nishant,25,male,9801383967
Nithya,24,female,9077974793
Pallavi,22,female,9262810982
Parth,42,male,9448212330
Pranav,26,male,9064282272
Priya,29,female,9273433874
Raghav,41,male,9487696223
Ramesh,20,male,9804478152
Rishabh,32,male,9985708558
Rohit,26,male,9561701795
Saina,36,female,9605021249
Samarth,48,male,9091105171
Sanjana,48,female,9461947228
Sarika,28,female,9515061008
Shikha,22,female,9035020725
Shreya,20,female,9301782953
Shubham,49,male,9179827669
Siddharth,20,male,9688440270
Smriti,38,female,9347926013
Sonali,44,female,9803446088
Srinivas,26,male,9815465817
Suraj,20,male,9848261649
Tanuja,25,male,9454084106
Trisha,30,female,9931839527
Usha,47,female,9269534913
Varsha,44,female,9647150514
Vasudev,39,male,9304933066
Vedika,33,female,9495809779
Vidhi,23,female,9303828453
Vivaan,48,male,9485432706
Vivek,29,male,9522514121
Yash,41,male,9460874911
Yashika,22,female,9135510868
Yogesh,34,male,9945223170
Abhinav,34,male,9791690953
Aditi,32,female,9674482737
Aditya,24,female,9961152961
Akash,38,male,9785206481
Akshat,27,male,9471447691
Alok,42,male,9861520602
Amol,30,male,9324361682
Anant,48,male,9967366805
Anmol,28,male,9793232946
Arjun,48,male,9422523239
Arnav,32,male,9749035474
Arun,26,male,9611881684
Ashish,32,male,9578443378
Karan,22,male,9798054301
